{
  "os": "Linux-5.15.0-119-generic-x86_64-with-glibc2.35",
  "python": "CPython 3.11.7",
  "startedAt": "2024-12-09T07:32:33.250876Z",
  "program": "/data/data/arrv/compbio/reward_model_trainer.py",
  "codePath": "reward_model_trainer.py",
  "email": "aravik13@asu.edu",
  "root": "/data/data/arrv/compbio",
  "host": "en4145608l",
  "username": "aravik13",
  "executable": "/usr/local/anaconda3/bin/python",
  "codePathLocal": "reward_model_trainer.py",
  "cpu_count": 192,
  "cpu_count_logical": 384,
  "gpu": "NVIDIA H100 NVL",
  "gpu_count": 8,
  "disk": {
    "/": {
      "total": "3923948429312",
      "used": "884178145280"
    }
  },
  "memory": {
    "total": "2434701778944"
  },
  "cpu": {
    "count": 192,
    "countLogical": 384
  },
  "gpu_nvidia": [
    {
      "name": "NVIDIA H100 NVL",
      "memoryTotal": "100485038080",
      "cudaCores": 16896,
      "architecture": "Hopper"
    },
    {
      "name": "NVIDIA H100 NVL",
      "memoryTotal": "100485038080",
      "cudaCores": 16896,
      "architecture": "Hopper"
    },
    {
      "name": "NVIDIA H100 NVL",
      "memoryTotal": "100485038080",
      "cudaCores": 16896,
      "architecture": "Hopper"
    },
    {
      "name": "NVIDIA H100 NVL",
      "memoryTotal": "100485038080",
      "cudaCores": 16896,
      "architecture": "Hopper"
    },
    {
      "name": "NVIDIA H100 NVL",
      "memoryTotal": "100485038080",
      "cudaCores": 16896,
      "architecture": "Hopper"
    },
    {
      "name": "NVIDIA H100 NVL",
      "memoryTotal": "100485038080",
      "cudaCores": 16896,
      "architecture": "Hopper"
    },
    {
      "name": "NVIDIA H100 NVL",
      "memoryTotal": "100485038080",
      "cudaCores": 16896,
      "architecture": "Hopper"
    },
    {
      "name": "NVIDIA H100 NVL",
      "memoryTotal": "100485038080",
      "cudaCores": 16896,
      "architecture": "Hopper"
    }
  ],
  "cudaVersion": "12.6"
}